{"(1, 1)": {"0": -0.11708860759493668, "1": 0.3191232413501641}, "(1, 2)": {"0": -0.07575757575757575, "1": 0.316808305022272}, "(1, 3)": {"0": -0.04191616766467068, "1": 0.3153607641000585}, "(1, 4)": {"0": -0.09444444444444446, "1": 0.3198053898210074}, "(1, 5)": {"0": 0.009345794392523362, "1": 0.31864563077601044}, "(1, 6)": {"0": -0.033766233766233736, "1": 0.3114058888553966}, "(1, 7)": {"0": 0.08093671802776614, "1": 0.32146754091796603}, "(1, 8)": {"0": 0.054732658959537536, "1": 0.31730634612692876}, "(1, 9)": {"0": 0.19937694704049855, "1": 0.3110505321814382}, "(1, 10)": {"0": 0.2074541338993038, "1": 0.3151042450888883}, "(1, 11)": {"0": 0.1379310344827586, "1": 0.19999999999999993}, "(1, 12)": {"0": -0.07575757575757576, "1": 0.23076923076923084}, "(1, 13)": {"0": -0.016949152542372895, "1": 0.19205298013245034}, "(1, 14)": {"0": -0.0217391304347826, "1": 0.36585365853658536}, "(1, 15)": {"0": -0.14184615384615382, "1": 0.4285714285714286}, "(1, 16)": {"0": -0.10416666666666669, "1": 0.3137254901960784}, "(1, 17)": {"0": -0.27272727272727265, "1": 0.28571428571428575}, "(1, 18)": {"0": -0.4162097162097162, "1": 0.45999999999999996}, "(1, 19)": {"0": -0.5126262626262624, "1": 0.7272727272727273}, "(1, 20)": {"0": -0.826086956521739, "1": 0.9333333333333333}, "(1, 21)": {"0": -0.8333333333333334, "1": 0.9545454545454545}, "(2, 1)": {"0": -0.12568582763568836, "1": 0.25396254322320344}, "(2, 2)": {"0": -0.09259259259259257, "1": 0.25899086150119877}, "(2, 3)": {"0": -0.10924369747899161, "1": 0.2591337962916828}, "(2, 4)": {"0": -0.11688311688311692, "1": 0.25859347509174474}, "(2, 5)": {"0": -0.023171217859278462, "1": 0.2556381933724954}, "(2, 6)": {"0": -0.00546448087431695, "1": 0.252668895782141}, "(2, 7)": {"0": 0.03235294117647064, "1": 0.2571240092354732}, "(2, 8)": {"0": 0.09792284866468849, "1": 0.25436209380502994}, "(2, 9)": {"0": 0.2235576923076922, "1": 0.25843100812374703}, "(2, 10)": {"0": 0.15118280030560727, "1": 0.25487153471994006}, "(2, 11)": {"0": 0.20761931962427008, "1": 0.27388535031847133}, "(2, 12)": {"0": 0.14912927981109803, "1": 0.23566878980891726}, "(2, 13)": {"0": 0.07936507936507936, "1": 0.20289855072463767}, "(2, 14)": {"0": -0.14893617021276598, "1": 0.3658536585365852}, "(2, 15)": {"0": -0.2549019607843138, "1": 0.2641509433962263}, "(2, 16)": {"0": -0.3513513513513512, "1": 0.34426229508196715}, "(2, 17)": {"0": -0.41860465116279083, "1": 0.11904761904761897}, "(2, 18)": {"0": -0.41666666666666663, "1": 0.6025641025641023}, "(2, 19)": {"0": -0.4615384615384615, "1": 0.8852459016393441}, "(2, 20)": {"0": -0.5833333333333333, "1": 0.7777777777777778}, "(2, 21)": {"0": -0.8, "1": 0.9473684210526314}, "(3, 1)": {"0": -0.15797713122605367, "1": 0.20569834628412298}, "(3, 2)": {"0": -0.09009009009009002, "1": 0.20324716770384502}, "(3, 3)": {"0": -0.08743169398907105, "1": 0.19940595649032816}, "(3, 4)": {"0": -0.04398826979472138, "1": 0.19833611647184574}, "(3, 5)": {"0": -0.1114206128133705, "1": 0.20732135160330095}, "(3, 6)": {"0": -0.06506849315068497, "1": 0.20371908684207968}, "(3, 7)": {"0": -0.051282051282051315, "1": 0.20409971406709174}, "(3, 8)": {"0": 0.04080543661606332, "1": 0.19953208890310767}, "(3, 9)": {"0": 0.08021390374331556, "1": 0.20140604599779027}, "(3, 10)": {"0": 0.12222986719028593, "1": 0.19724132408436185}, "(3, 11)": {"0": 0.08304835447692589, "1": 0.12264150943396224}, "(3, 12)": {"0": 0.11427475793308413, "1": 0.12663755458515283}, "(3, 13)": {"0": -0.0868055555555556, "1": 0.19387755102040818}, "(3, 14)": {"0": -0.13281250000000006, "1": 0.12499999999999996}, "(3, 15)": {"0": -0.12500000000000003, "1": 0.10975609756097562}, "(3, 16)": {"0": -0.22060606060606056, "1": 0.2403100775193798}, "(3, 17)": {"0": -0.20338983050847456, "1": 0.2692307692307693}, "(3, 18)": {"0": -0.28846153846153844, "1": 0.4132231404958679}, "(3, 19)": {"0": -0.49945054945054945, "1": 0.6511627906976741}, "(3, 20)": {"0": -0.5862068965517241, "1": 0.8421052631578944}, "(3, 21)": {"0": -0.16666666666666669, "1": 1.0}, "(4, 1)": {"0": -0.3869969040247676, "1": 0.15033746348342847}, "(4, 2)": {"0": -0.252199413489736, "1": 0.1521404031957448}, "(4, 3)": {"0": -0.19526627218934925, "1": 0.1491184081198729}, "(4, 4)": {"0": -0.12269938650306746, "1": 0.1490806675522086}, "(4, 5)": {"0": -0.10882165664737725, "1": 0.1554794726251591}, "(4, 6)": {"0": -0.04789972494618513, "1": 0.1489023482302758}, "(4, 7)": {"0": -0.02629092975353369, "1": 0.1563813182855082}, "(4, 8)": {"0": 0.05830903790087465, "1": 0.15443509242486284}, "(4, 9)": {"0": -0.02967359050445104, "1": 0.15256558739110967}, "(4, 10)": {"0": 0.12548963518126519, "1": 0.15300902055404814}, "(4, 11)": {"0": 0.2068965517241379, "1": 0.2178770949720669}, "(4, 12)": {"0": 0.05999999999999998, "1": 0.2261904761904761}, "(4, 13)": {"0": 0.052631578947368404, "1": -0.09433962264150944}, "(4, 14)": {"0": -0.11363636363636362, "1": -0.023255813953488372}, "(4, 15)": {"0": 0.07843137254901966, "1": 0.11111111111111113}, "(4, 16)": {"0": -0.17857142857142858, "1": 0.15151515151515166}, "(4, 17)": {"0": -0.5, "1": 0.2923076923076923}, "(4, 18)": {"0": -0.3611111111111111, "1": 0.4318181818181819}, "(4, 19)": {"0": -0.3103448275862069, "1": 0.5666666666666668}, "(4, 20)": {"0": -0.7894736842105263, "1": 0.7962962962962964}, "(4, 21)": {"0": -0.6666666666666666, "1": 0.967741935483871}, "(5, 1)": {"0": -0.2631578947368422, "1": 0.10721187292262414}, "(5, 2)": {"0": -0.2011351909184729, "1": 0.10728433205164277}, "(5, 3)": {"0": -0.1880877742946708, "1": 0.10610484791058233}, "(5, 4)": {"0": -0.1380086026505464, "1": 0.1097952086553332}, "(5, 5)": {"0": -0.2122093023255814, "1": 0.10434984250903416}, "(5, 6)": {"0": -0.12968299711815567, "1": 0.11388013530313054}, "(5, 7)": {"0": -0.09692472087761161, "1": 0.11080682333201575}, "(5, 8)": {"0": -0.06106870229007629, "1": 0.11203110305310188}, "(5, 9)": {"0": 0.030959591051093763, "1": 0.1094498531911614}, "(5, 10)": {"0": 0.18595311646508927, "1": 0.07304256437204423}, "(5, 11)": {"0": 0.2608736610832721, "1": 0.026217228464419536}, "(5, 12)": {"0": 0.18831834668427372, "1": 0.01960784313725491}, "(5, 13)": {"0": 0.03141361256544503, "1": 0.10893965403406838}, "(5, 14)": {"0": -0.0808823529411764, "1": 0.08755638100291846}, "(5, 15)": {"0": -0.13380530627703172, "1": 0.09291506048119108}, "(5, 16)": {"0": -0.0896206574565833, "1": 0.12118456942460082}, "(5, 17)": {"0": -0.2731707317073172, "1": 0.21366736621196247}, "(5, 18)": {"0": -0.3119266055045873, "1": 0.43841961852861083}, "(5, 19)": {"0": -0.37313432835820876, "1": 0.6376637262763978}, "(5, 20)": {"0": -0.37142857142857116, "1": 0.7839767318878901}, "(5, 21)": {"0": -0.49137931034482757, "1": 0.9464847848898214}, "(6, 1)": {"0": -0.3008595988538684, "1": 0.07111306537685093}, "(6, 2)": {"0": -0.22068034302021813, "1": 0.07063404335832804}, "(6, 3)": {"0": -0.1787054178476056, "1": 0.06764415222959512}, "(6, 4)": {"0": -0.264367816091954, "1": 0.07455986532931258}, "(6, 5)": {"0": -0.0990990990990991, "1": 0.07222077375102888}, "(6, 6)": {"0": -0.1746658825550943, "1": 0.06832248211558495}, "(6, 7)": {"0": -0.04359673024523161, "1": 0.0712845260908403}, "(6, 8)": {"0": -0.026041666666666657, "1": 0.06901732946008107}, "(6, 9)": {"0": -0.02332361516034989, "1": 0.0662512855844787}, "(6, 10)": {"0": 0.01424501424501425, "1": 0.06885391355198986}, "(6, 11)": {"0": 0.12337662337662345, "1": 0.10416666666666669}, "(6, 12)": {"0": -0.20661410747617645, "1": 0.04444444444444447}, "(6, 13)": {"0": -0.06896551724137932, "1": 0.06249999999999997}, "(6, 14)": {"0": -0.08333333333333329, "1": 0.13235294117647056}, "(6, 15)": {"0": -0.3716154315462274, "1": 0.24812030075187963}, "(6, 16)": {"0": -0.2352941176470588, "1": 0.22222222222222218}, "(6, 17)": {"0": -0.34042553191489355, "1": 0.02173913043478257}, "(6, 18)": {"0": -0.4102564102564102, "1": 0.5405405405405403}, "(6, 19)": {"0": -0.6470588235294119, "1": 0.5999999999999999},